{"mv": 0.05603985056039851, "gv": 0.0859277708592777, "pv": 0.10460772104607721, "pc": 0.09339975093399751, "cd": 0.2191780821917808, "c": 0.04234122042341221, "h": 0.008717310087173101, "cs": 0.14819427148194272}