{"mv": {"p": 0.3111111111111111, "n": 0.6222222222222222, "x": 0.022222222222222223}, "gv": {"p": 0.5362318840579711, "n": 0.10144927536231885, "x": 0.30434782608695654}, "pv": {"p": 0.2976190476190476, "n": 0.47619047619047616, "x": 0.09523809523809523}, "pc": {"p": 0.16, "n": 0.5333333333333333, "x": 0.10666666666666667}, "cd": {"p": 0.1875, "n": 0.21022727272727273, "x": 0.5113636363636364}, "c": {"p": 0.08823529411764706, "n": 0.058823529411764705, "x": 0.7647058823529411}, "h": {"p": 0.2857142857142857, "n": 0.14285714285714285, "x": 0.0}, "cs": {"p": 0.226890756302521, "n": 0.10084033613445378, "x": 0.6050420168067226}}