{"mv": {"p": 0.3125, "n": 0.59375, "x": 0.09375}, "gv": {"p": 0.48148148148148145, "n": 0.17592592592592593, "x": 0.3425925925925926}, "pv": {"p": 0.30303030303030304, "n": 0.5681818181818182, "x": 0.12878787878787878}, "pc": {"p": 0.21428571428571427, "n": 0.625, "x": 0.16071428571428573}, "cd": {"p": 0.2139917695473251, "n": 0.2839506172839506, "x": 0.5020576131687243}, "cs": {"p": 0.2409090909090909, "n": 0.16818181818181818, "x": 0.5909090909090909}, "ot": {"p": 0.029850746268656716, "n": 0.08955223880597014, "x": 0.8805970149253731}}