{"mv": 0.06380857427716849, "gv": 0.10767696909272183, "pv": 0.13160518444666003, "pc": 0.11166500498504486, "cd": 0.24227318045862412, "cs": 0.2193419740777667, "c": 0.05682951146560319, "ot": 0.06679960119641076}